,dataset,n,RMSE,syn_RMSE,R2,syn_R2
0,house,20640,94908.5871404435,114671.57782670292,0.3126085014247184,-0.003470746889848275
