,dataset,n,RMSE,syn_RMSE,R2,syn_R2
0,house,20640,94908.5871404435,115694.17477870731,0.3126085014247184,-0.021447677784867114
