,dataset,n,roc_auc,syn_roc_auc,f1,syn_f1
0,heart,918,0.9318507890961262,0.4660449545671927,0.86,0.6692307692307693
